{
    "loss": 26.80057144165039,
    "accuracy": 0.5467625856399536
}